timestamp_utc,timestamp_local,appid,game,player_count,ts
2026-09-17 10:12:53,2026-09-17 18:12:53,1172470,Apex Legends,98664,2026-09-17 18:12:53
2026-09-17 10:12:53,2026-09-17 18:12:53,578080,PUBG: BATTLEGROUNDS,317553,2026-09-17 18:12:53
2026-09-17 10:12:53,2026-09-17 18:12:53,440,Team Fortress 2,50462,2026-09-17 18:12:53
2026-09-17 10:12:53,2026-09-17 18:12:53,271590,Grand Theft Auto V,43989,2026-09-17 18:12:53
2026-09-17 10:12:53,2026-09-17 18:12:53,252490,Rust,65507,2026-09-17 18:12:53
2026-09-17 10:12:53,2026-09-17 18:12:53,1085660,Destiny 2,7697,2026-09-17 18:12:53
2026-09-17 10:19:16,2026-09-17 18:19:16,730,Counter-Strike 2,691598,2026-09-17 18:19:16
2026-09-17 10:19:16,2026-09-17 18:19:16,570,Dota 2,507756,2026-09-17 18:19:16
2026-09-17 10:19:16,2026-09-17 18:19:16,1172470,Apex Legends,98664,2026-09-17 18:19:16
2026-09-17 10:19:16,2026-09-17 18:19:16,578080,PUBG: BATTLEGROUNDS,317553,2026-09-17 18:19:16
2026-09-17 10:19:16,2026-09-17 18:19:16,440,Team Fortress 2,53328,2026-09-17 18:19:16
2026-09-17 10:19:16,2026-09-17 18:19:16,271590,Grand Theft Auto V,43989,2026-09-17 18:19:16
2026-09-17 10:19:16,2026-09-17 18:19:16,252490,Rust,65507,2026-09-17 18:19:16
2026-09-17 10:19:16,2026-09-17 18:19:16,1085660,Destiny 2,7787,2026-09-17 18:19:16
2026-09-17 10:39:06,2026-09-17 18:39:06,730,Counter-Strike 2,725977,2026-09-17 18:39:06
2026-09-17 10:39:06,2026-09-17 18:39:06,570,Dota 2,517392,2026-09-17 18:39:06
2026-09-17 10:39:06,2026-09-17 18:39:06,1172470,Apex Legends,102215,2026-09-17 18:39:06
2026-09-17 10:39:06,2026-09-17 18:39:06,578080,PUBG: BATTLEGROUNDS,327909,2026-09-17 18:39:06
2026-09-17 10:39:06,2026-09-17 18:39:06,440,Team Fortress 2,54187,2026-09-17 18:39:06
2026-09-17 10:39:06,2026-09-17 18:39:06,271590,Grand Theft Auto V,45276,2026-09-17 18:39:06
2026-09-17 10:39:06,2026-09-17 18:39:06,252490,Rust,67244,2026-09-17 18:39:06
2026-09-17 10:39:06,2026-09-17 18:39:06,1085660,Destiny 2,8000,2026-09-17 18:39:06
2026-09-17 10:40:16,2026-09-17 18:40:16,730,Counter-Strike 2,725977,2026-09-17 18:40:16
2026-09-17 10:40:16,2026-09-17 18:40:16,570,Dota 2,517392,2026-09-17 18:40:16
2026-09-17 10:40:16,2026-09-17 18:40:16,1172470,Apex Legends,102215,2026-09-17 18:40:16
2026-09-17 10:40:16,2026-09-17 18:40:16,578080,PUBG: BATTLEGROUNDS,327909,2026-09-17 18:40:16
2026-09-17 10:40:16,2026-09-17 18:40:16,440,Team Fortress 2,54187,2026-09-17 18:40:16
2026-09-17 10:40:16,2026-09-17 18:40:16,271590,Grand Theft Auto V,45276,2026-09-17 18:40:16
2026-09-17 10:40:16,2026-09-17 18:40:16,252490,Rust,67244,2026-09-17 18:40:16
2026-09-17 10:40:16,2026-09-17 18:40:16,1085660,Destiny 2,8000,2026-09-17 18:40:16
2026-09-17 10:41:29,2026-09-17 18:41:29,730,Counter-Strike 2,725977,2026-09-17 18:41:29
2026-09-17 10:41:29,2026-09-17 18:41:29,570,Dota 2,534440,2026-09-17 18:41:29
2026-09-17 10:41:29,2026-09-17 18:41:29,1172470,Apex Legends,102215,2026-09-17 18:41:29
2026-09-17 10:41:29,2026-09-17 18:41:29,578080,PUBG: BATTLEGROUNDS,327909,2026-09-17 18:41:29
2026-09-17 10:41:29,2026-09-17 18:41:29,440,Team Fortress 2,54187,2026-09-17 18:41:29
2026-09-17 10:41:29,2026-09-17 18:41:29,271590,Grand Theft Auto V,45276,2026-09-17 18:41:29
2026-09-17 10:41:29,2026-09-17 18:41:29,252490,Rust,67244,2026-09-17 18:41:29
2026-09-17 10:41:29,2026-09-17 18:41:29,1085660,Destiny 2,8000,2026-09-17 18:41:29
2026-09-17 10:42:44,2026-09-17 18:42:44,730,Counter-Strike 2,725977,2026-09-17 18:42:44
2026-09-17 10:42:44,2026-09-17 18:42:44,570,Dota 2,534440,2026-09-17 18:42:44
2026-09-17 10:42:44,2026-09-17 18:42:44,1172470,Apex Legends,102215,2026-09-17 18:42:44
2026-09-17 10:42:44,2026-09-17 18:42:44,578080,PUBG: BATTLEGROUNDS,327909,2026-09-17 18:42:44
2026-09-17 10:42:44,2026-09-17 18:42:44,440,Team Fortress 2,54187,2026-09-17 18:42:44
2026-09-17 10:42:44,2026-09-17 18:42:44,271590,Grand Theft Auto V,45276,2026-09-17 18:42:44
2026-09-17 10:42:44,2026-09-17 18:42:44,252490,Rust,67244,2026-09-17 18:42:44
2026-09-17 10:42:44,2026-09-17 18:42:44,1085660,Destiny 2,8000,2026-09-17 18:42:44
2026-09-17 10:44:02,2026-09-17 18:44:02,730,Counter-Strike 2,725977,2026-09-17 18:44:02
2026-09-17 10:44:02,2026-09-17 18:44:02,570,Dota 2,534440,2026-09-17 18:44:02
2026-09-17 10:44:02,2026-09-17 18:44:02,1172470,Apex Legends,102215,2026-09-17 18:44:02
2026-09-17 10:44:02,2026-09-17 18:44:02,578080,PUBG: BATTLEGROUNDS,327909,2026-09-17 18:44:02
2026-09-17 10:44:02,2026-09-17 18:44:02,440,Team Fortress 2,54187,2026-09-17 18:44:02
2026-09-17 10:44:02,2026-09-17 18:44:02,271590,Grand Theft Auto V,45276,2026-09-17 18:44:02
2026-09-17 10:44:02,2026-09-17 18:44:02,252490,Rust,67244,2026-09-17 18:44:02
2026-09-17 10:44:02,2026-09-17 18:44:02,1085660,Destiny 2,8000,2026-09-17 18:44:02
2026-09-17 10:45:08,2026-09-17 18:45:08,730,Counter-Strike 2,728372,2026-09-17 18:45:08
2026-09-17 10:45:08,2026-09-17 18:45:08,570,Dota 2,534440,2026-09-17 18:45:08
2026-09-17 10:45:08,2026-09-17 18:45:08,1172470,Apex Legends,102215,2026-09-17 18:45:08
2026-09-17 10:45:08,2026-09-17 18:45:08,578080,PUBG: BATTLEGROUNDS,327909,2026-09-17 18:45:08
2026-09-17 10:45:08,2026-09-17 18:45:08,440,Team Fortress 2,54187,2026-09-17 18:45:08
2026-09-17 10:45:08,2026-09-17 18:45:08,271590,Grand Theft Auto V,45276,2026-09-17 18:45:08
2026-09-17 10:45:08,2026-09-17 18:45:08,252490,Rust,69239,2026-09-17 18:45:08
2026-09-17 10:45:08,2026-09-17 18:45:08,1085660,Destiny 2,8000,2026-09-17 18:45:08
2026-09-17 10:46:16,2026-09-17 18:46:16,730,Counter-Strike 2,725977,2026-09-17 18:46:16
2026-09-17 10:46:16,2026-09-17 18:46:16,570,Dota 2,534440,2026-09-17 18:46:16
2026-09-17 10:46:16,2026-09-17 18:46:16,1172470,Apex Legends,107031,2026-09-17 18:46:16
2026-09-17 10:46:16,2026-09-17 18:46:16,578080,PUBG: BATTLEGROUNDS,344226,2026-09-17 18:46:16
2026-09-17 10:46:16,2026-09-17 18:46:16,440,Team Fortress 2,54187,2026-09-17 18:46:16
2026-09-17 10:46:16,2026-09-17 18:46:16,271590,Grand Theft Auto V,46490,2026-09-17 18:46:16
2026-09-17 10:46:16,2026-09-17 18:46:16,252490,Rust,69239,2026-09-17 18:46:16
2026-09-17 10:46:16,2026-09-17 18:46:16,1085660,Destiny 2,8191,2026-09-17 18:46:16
2026-09-17 10:47:29,2026-09-17 18:47:29,730,Counter-Strike 2,725977,2026-09-17 18:47:29
2026-09-17 10:47:29,2026-09-17 18:47:29,570,Dota 2,534440,2026-09-17 18:47:29
2026-09-17 10:47:29,2026-09-17 18:47:29,1172470,Apex Legends,107031,2026-09-17 18:47:29
2026-09-17 10:47:29,2026-09-17 18:47:29,578080,PUBG: BATTLEGROUNDS,344226,2026-09-17 18:47:29
2026-09-17 10:47:29,2026-09-17 18:47:29,440,Team Fortress 2,54187,2026-09-17 18:47:29
2026-09-17 10:47:29,2026-09-17 18:47:29,271590,Grand Theft Auto V,46490,2026-09-17 18:47:29
2026-09-17 10:47:29,2026-09-17 18:47:29,252490,Rust,69239,2026-09-17 18:47:29
2026-09-17 10:47:29,2026-09-17 18:47:29,1085660,Destiny 2,8191,2026-09-17 18:47:29
2026-09-17 10:48:20,2026-09-17 18:48:20,730,Counter-Strike 2,725977,2026-09-17 18:48:20
2026-09-17 10:48:20,2026-09-17 18:48:20,570,Dota 2,534440,2026-09-17 18:48:20
2026-09-17 10:48:20,2026-09-17 18:48:20,1172470,Apex Legends,107031,2026-09-17 18:48:20
2026-09-17 10:48:20,2026-09-17 18:48:20,578080,PUBG: BATTLEGROUNDS,344226,2026-09-17 18:48:20
2026-09-17 10:48:20,2026-09-17 18:48:20,440,Team Fortress 2,54187,2026-09-17 18:48:20
2026-09-17 10:48:20,2026-09-17 18:48:20,271590,Grand Theft Auto V,46490,2026-09-17 18:48:20
2026-09-17 10:48:20,2026-09-17 18:48:20,252490,Rust,69239,2026-09-17 18:48:20
2026-09-17 10:48:20,2026-09-17 18:48:20,1085660,Destiny 2,8191,2026-09-17 18:48:20
2026-09-17 10:48:39,2026-09-17 18:48:39,730,Counter-Strike 2,725977,2026-09-17 18:48:39
2026-09-17 10:48:39,2026-09-17 18:48:39,570,Dota 2,534440,2026-09-17 18:48:39
2026-09-17 10:48:39,2026-09-17 18:48:39,1172470,Apex Legends,107031,2026-09-17 18:48:39
2026-09-17 10:48:39,2026-09-17 18:48:39,578080,PUBG: BATTLEGROUNDS,344226,2026-09-17 18:48:39
2026-09-17 10:48:39,2026-09-17 18:48:39,440,Team Fortress 2,54757,2026-09-17 18:48:39
2026-09-17 10:48:39,2026-09-17 18:48:39,271590,Grand Theft Auto V,46490,2026-09-17 18:48:39
2026-09-17 10:48:39,2026-09-17 18:48:39,252490,Rust,69239,2026-09-17 18:48:39
2026-09-17 10:48:39,2026-09-17 18:48:39,1085660,Destiny 2,8191,2026-09-17 18:48:39
2026-09-17 10:49:45,2026-09-17 18:49:45,730,Counter-Strike 2,725977,2026-09-17 18:49:45
2026-09-17 10:49:45,2026-09-17 18:49:45,570,Dota 2,534440,2026-09-17 18:49:45
2026-09-17 10:49:45,2026-09-17 18:49:45,1172470,Apex Legends,107031,2026-09-17 18:49:45
2026-09-17 10:49:45,2026-09-17 18:49:45,578080,PUBG: BATTLEGROUNDS,344226,2026-09-17 18:49:45
2026-09-17 10:49:45,2026-09-17 18:49:45,440,Team Fortress 2,54757,2026-09-17 18:49:45
2026-09-17 10:49:45,2026-09-17 18:49:45,271590,Grand Theft Auto V,46490,2026-09-17 18:49:45
2026-09-17 10:49:45,2026-09-17 18:49:45,252490,Rust,69239,2026-09-17 18:49:45
2026-09-17 10:49:45,2026-09-17 18:49:45,1085660,Destiny 2,8191,2026-09-17 18:49:45
2026-09-17 10:50:52,2026-09-17 18:50:52,730,Counter-Strike 2,725977,2026-09-17 18:50:52
2026-09-17 10:50:52,2026-09-17 18:50:52,570,Dota 2,534440,2026-09-17 18:50:52
2026-09-17 10:50:52,2026-09-17 18:50:52,1172470,Apex Legends,107031,2026-09-17 18:50:52
2026-09-17 10:50:52,2026-09-17 18:50:52,578080,PUBG: BATTLEGROUNDS,344226,2026-09-17 18:50:52
2026-09-17 10:50:52,2026-09-17 18:50:52,440,Team Fortress 2,54757,2026-09-17 18:50:52
2026-09-17 10:50:52,2026-09-17 18:50:52,271590,Grand Theft Auto V,46490,2026-09-17 18:50:52
2026-09-17 10:50:52,2026-09-17 18:50:52,252490,Rust,69239,2026-09-17 18:50:52
2026-09-17 10:50:52,2026-09-17 18:50:52,1085660,Destiny 2,8191,2026-09-17 18:50:52
2026-09-17 10:52:22,2026-09-17 18:52:22,730,Counter-Strike 2,728372,2026-09-17 18:52:22
2026-09-17 10:52:22,2026-09-17 18:52:22,570,Dota 2,534440,2026-09-17 18:52:22
2026-09-17 10:52:22,2026-09-17 18:52:22,1172470,Apex Legends,107031,2026-09-17 18:52:22
2026-09-17 10:52:22,2026-09-17 18:52:22,578080,PUBG: BATTLEGROUNDS,344226,2026-09-17 18:52:22
2026-09-17 10:52:22,2026-09-17 18:52:22,440,Team Fortress 2,54757,2026-09-17 18:52:22
2026-09-17 10:52:22,2026-09-17 18:52:22,271590,Grand Theft Auto V,46490,2026-09-17 18:52:22
2026-09-17 10:52:22,2026-09-17 18:52:22,252490,Rust,69239,2026-09-17 18:52:22
2026-09-17 10:52:22,2026-09-17 18:52:22,1085660,Destiny 2,8191,2026-09-17 18:52:22
2026-09-17 10:53:34,2026-09-17 18:53:34,730,Counter-Strike 2,728372,2026-09-17 18:53:34
2026-09-17 10:53:34,2026-09-17 18:53:34,570,Dota 2,534440,2026-09-17 18:53:34
2026-09-17 10:53:34,2026-09-17 18:53:34,1172470,Apex Legends,107031,2026-09-17 18:53:34
2026-09-17 10:53:34,2026-09-17 18:53:34,578080,PUBG: BATTLEGROUNDS,344226,2026-09-17 18:53:34
2026-09-17 10:53:34,2026-09-17 18:53:34,440,Team Fortress 2,54757,2026-09-17 18:53:34
2026-09-17 10:53:34,2026-09-17 18:53:34,271590,Grand Theft Auto V,46490,2026-09-17 18:53:34
2026-09-17 10:53:34,2026-09-17 18:53:34,252490,Rust,69239,2026-09-17 18:53:34
2026-09-17 10:53:34,2026-09-17 18:53:34,1085660,Destiny 2,8191,2026-09-17 18:53:34
2026-09-17 10:54:43,2026-09-17 18:54:43,730,Counter-Strike 2,728372,2026-09-17 18:54:43
2026-09-17 10:54:43,2026-09-17 18:54:43,570,Dota 2,551846,2026-09-17 18:54:43
2026-09-17 10:54:43,2026-09-17 18:54:43,1172470,Apex Legends,107031,2026-09-17 18:54:43
2026-09-17 10:54:43,2026-09-17 18:54:43,578080,PUBG: BATTLEGROUNDS,344226,2026-09-17 18:54:43
2026-09-17 10:54:43,2026-09-17 18:54:43,440,Team Fortress 2,54757,2026-09-17 18:54:43
2026-09-17 10:54:43,2026-09-17 18:54:43,271590,Grand Theft Auto V,46490,2026-09-17 18:54:43
2026-09-17 10:54:43,2026-09-17 18:54:43,252490,Rust,69239,2026-09-17 18:54:43
2026-09-17 10:54:43,2026-09-17 18:54:43,1085660,Destiny 2,8191,2026-09-17 18:54:43
2026-09-17 10:55:50,2026-09-17 18:55:50,730,Counter-Strike 2,728372,2026-09-17 18:55:50
2026-09-17 10:55:50,2026-09-17 18:55:50,570,Dota 2,551846,2026-09-17 18:55:50
2026-09-17 10:55:50,2026-09-17 18:55:50,1172470,Apex Legends,107031,2026-09-17 18:55:50
2026-09-17 10:55:50,2026-09-17 18:55:50,578080,PUBG: BATTLEGROUNDS,344226,2026-09-17 18:55:50
2026-09-17 10:55:50,2026-09-17 18:55:50,440,Team Fortress 2,54757,2026-09-17 18:55:50
2026-09-17 10:55:50,2026-09-17 18:55:50,271590,Grand Theft Auto V,46490,2026-09-17 18:55:50
2026-09-17 10:55:50,2026-09-17 18:55:50,252490,Rust,69239,2026-09-17 18:55:50
2026-09-17 10:55:50,2026-09-17 18:55:50,1085660,Destiny 2,8191,2026-09-17 18:55:50
2026-09-17 10:56:57,2026-09-17 18:56:57,730,Counter-Strike 2,728372,2026-09-17 18:56:57
2026-09-17 10:56:57,2026-09-17 18:56:57,570,Dota 2,551846,2026-09-17 18:56:57
2026-09-17 10:56:57,2026-09-17 18:56:57,1172470,Apex Legends,107031,2026-09-17 18:56:57
2026-09-17 10:56:57,2026-09-17 18:56:57,578080,PUBG: BATTLEGROUNDS,344226,2026-09-17 18:56:57
2026-09-17 10:56:57,2026-09-17 18:56:57,440,Team Fortress 2,54757,2026-09-17 18:56:57
2026-09-17 10:56:57,2026-09-17 18:56:57,271590,Grand Theft Auto V,46490,2026-09-17 18:56:57
2026-09-17 10:56:57,2026-09-17 18:56:57,252490,Rust,69239,2026-09-17 18:56:57
2026-09-17 10:56:57,2026-09-17 18:56:57,1085660,Destiny 2,8191,2026-09-17 18:56:57
2026-09-17 10:58:10,2026-09-17 18:58:11,730,Counter-Strike 2,728372,2026-09-17 18:58:11
2026-09-17 10:58:10,2026-09-17 18:58:11,570,Dota 2,551846,2026-09-17 18:58:11
2026-09-17 10:58:10,2026-09-17 18:58:11,1172470,Apex Legends,107031,2026-09-17 18:58:11
2026-09-17 10:58:10,2026-09-17 18:58:11,578080,PUBG: BATTLEGROUNDS,344226,2026-09-17 18:58:11
2026-09-17 10:58:10,2026-09-17 18:58:11,440,Team Fortress 2,54757,2026-09-17 18:58:11
2026-09-17 10:58:10,2026-09-17 18:58:11,271590,Grand Theft Auto V,46490,2026-09-17 18:58:11
2026-09-17 10:58:10,2026-09-17 18:58:11,252490,Rust,69239,2026-09-17 18:58:11
2026-09-17 10:58:10,2026-09-17 18:58:11,1085660,Destiny 2,8191,2026-09-17 18:58:11
2026-09-17 10:59:23,2026-09-17 18:59:23,730,Counter-Strike 2,728372,2026-09-17 18:59:23
2026-09-17 10:59:23,2026-09-17 18:59:23,570,Dota 2,551846,2026-09-17 18:59:23
2026-09-17 10:59:23,2026-09-17 18:59:23,1172470,Apex Legends,111210,2026-09-17 18:59:23
2026-09-17 10:59:23,2026-09-17 18:59:23,578080,PUBG: BATTLEGROUNDS,366908,2026-09-17 18:59:23
2026-09-17 10:59:23,2026-09-17 18:59:23,440,Team Fortress 2,54757,2026-09-17 18:59:23
2026-09-17 10:59:23,2026-09-17 18:59:23,271590,Grand Theft Auto V,46490,2026-09-17 18:59:23
2026-09-17 10:59:23,2026-09-17 18:59:23,252490,Rust,70988,2026-09-17 18:59:23
2026-09-17 10:59:23,2026-09-17 18:59:23,1085660,Destiny 2,8191,2026-09-17 18:59:23
2026-09-17 11:00:32,2026-09-17 19:00:32,730,Counter-Strike 2,759415,2026-09-17 19:00:32
2026-09-17 11:00:32,2026-09-17 19:00:32,570,Dota 2,551846,2026-09-17 19:00:32
2026-09-17 11:00:32,2026-09-17 19:00:32,1172470,Apex Legends,111210,2026-09-17 19:00:32
2026-09-17 11:00:32,2026-09-17 19:00:32,578080,PUBG: BATTLEGROUNDS,366908,2026-09-17 19:00:32
2026-09-17 11:00:32,2026-09-17 19:00:32,440,Team Fortress 2,54757,2026-09-17 19:00:32
2026-09-17 11:00:32,2026-09-17 19:00:32,271590,Grand Theft Auto V,47887,2026-09-17 19:00:32
2026-09-17 11:00:32,2026-09-17 19:00:32,252490,Rust,70988,2026-09-17 19:00:32
2026-09-17 11:00:32,2026-09-17 19:00:32,1085660,Destiny 2,8191,2026-09-17 19:00:32
2026-09-17 11:01:41,2026-09-17 19:01:41,730,Counter-Strike 2,759415,2026-09-17 19:01:41
2026-09-17 11:01:41,2026-09-17 19:01:41,570,Dota 2,551846,2026-09-17 19:01:41
2026-09-17 11:01:41,2026-09-17 19:01:41,1172470,Apex Legends,111210,2026-09-17 19:01:41
2026-09-17 11:01:41,2026-09-17 19:01:41,578080,PUBG: BATTLEGROUNDS,366908,2026-09-17 19:01:41
2026-09-17 11:01:41,2026-09-17 19:01:41,440,Team Fortress 2,54757,2026-09-17 19:01:41
2026-09-17 11:01:41,2026-09-17 19:01:41,271590,Grand Theft Auto V,47887,2026-09-17 19:01:41
2026-09-17 11:01:41,2026-09-17 19:01:41,252490,Rust,70988,2026-09-17 19:01:41
2026-09-17 11:01:41,2026-09-17 19:01:41,1085660,Destiny 2,8397,2026-09-17 19:01:41
2026-09-17 11:02:52,2026-09-17 19:02:52,730,Counter-Strike 2,759415,2026-09-17 19:02:52
2026-09-17 11:02:52,2026-09-17 19:02:52,570,Dota 2,551846,2026-09-17 19:02:52
2026-09-17 11:02:52,2026-09-17 19:02:52,1172470,Apex Legends,111210,2026-09-17 19:02:52
2026-09-17 11:02:52,2026-09-17 19:02:52,578080,PUBG: BATTLEGROUNDS,366908,2026-09-17 19:02:52
2026-09-17 11:02:52,2026-09-17 19:02:52,440,Team Fortress 2,55102,2026-09-17 19:02:52
2026-09-17 11:02:52,2026-09-17 19:02:52,271590,Grand Theft Auto V,47887,2026-09-17 19:02:52
2026-09-17 11:02:52,2026-09-17 19:02:52,252490,Rust,70988,2026-09-17 19:02:52
2026-09-17 11:02:52,2026-09-17 19:02:52,1085660,Destiny 2,8397,2026-09-17 19:02:52
2026-09-17 11:04:05,2026-09-17 19:04:05,730,Counter-Strike 2,759415,2026-09-17 19:04:05
2026-09-17 11:04:05,2026-09-17 19:04:05,570,Dota 2,551846,2026-09-17 19:04:05
2026-09-17 11:04:05,2026-09-17 19:04:05,1172470,Apex Legends,111210,2026-09-17 19:04:05
2026-09-17 11:04:05,2026-09-17 19:04:05,578080,PUBG: BATTLEGROUNDS,366908,2026-09-17 19:04:05
2026-09-17 11:04:05,2026-09-17 19:04:05,440,Team Fortress 2,55102,2026-09-17 19:04:05
2026-09-17 11:04:05,2026-09-17 19:04:05,271590,Grand Theft Auto V,47887,2026-09-17 19:04:05
2026-09-17 11:04:05,2026-09-17 19:04:05,252490,Rust,70988,2026-09-17 19:04:05
2026-09-17 11:04:05,2026-09-17 19:04:05,1085660,Destiny 2,8397,2026-09-17 19:04:05
2026-09-17 11:05:13,2026-09-17 19:05:13,730,Counter-Strike 2,759415,2026-09-17 19:05:13
2026-09-17 11:05:13,2026-09-17 19:05:13,570,Dota 2,551846,2026-09-17 19:05:13
2026-09-17 11:05:13,2026-09-17 19:05:13,1172470,Apex Legends,111210,2026-09-17 19:05:13
2026-09-17 11:05:13,2026-09-17 19:05:13,578080,PUBG: BATTLEGROUNDS,366908,2026-09-17 19:05:13
2026-09-17 11:05:13,2026-09-17 19:05:13,440,Team Fortress 2,55102,2026-09-17 19:05:13
2026-09-17 11:05:13,2026-09-17 19:05:13,271590,Grand Theft Auto V,47887,2026-09-17 19:05:13
2026-09-17 11:05:13,2026-09-17 19:05:13,252490,Rust,70988,2026-09-17 19:05:13
2026-09-17 11:05:13,2026-09-17 19:05:13,1085660,Destiny 2,8397,2026-09-17 19:05:13
2026-09-17 11:06:23,2026-09-17 19:06:23,730,Counter-Strike 2,759415,2026-09-17 19:06:23
2026-09-17 11:06:23,2026-09-17 19:06:23,570,Dota 2,551846,2026-09-17 19:06:23
2026-09-17 11:06:23,2026-09-17 19:06:23,1172470,Apex Legends,111210,2026-09-17 19:06:23
2026-09-17 11:06:23,2026-09-17 19:06:23,578080,PUBG: BATTLEGROUNDS,366908,2026-09-17 19:06:23
2026-09-17 11:06:23,2026-09-17 19:06:23,440,Team Fortress 2,55102,2026-09-17 19:06:23
2026-09-17 11:06:23,2026-09-17 19:06:23,271590,Grand Theft Auto V,47887,2026-09-17 19:06:23
2026-09-17 11:06:23,2026-09-17 19:06:23,252490,Rust,70988,2026-09-17 19:06:23
2026-09-17 11:06:23,2026-09-17 19:06:23,1085660,Destiny 2,8397,2026-09-17 19:06:23
2026-09-17 11:07:34,2026-09-17 19:07:34,730,Counter-Strike 2,759415,2026-09-17 19:07:34
2026-09-17 11:07:34,2026-09-17 19:07:34,570,Dota 2,568923,2026-09-17 19:07:34
2026-09-17 11:07:34,2026-09-17 19:07:34,1172470,Apex Legends,111210,2026-09-17 19:07:34
2026-09-17 11:07:34,2026-09-17 19:07:34,578080,PUBG: BATTLEGROUNDS,366908,2026-09-17 19:07:34
2026-09-17 11:07:34,2026-09-17 19:07:34,440,Team Fortress 2,55102,2026-09-17 19:07:34
2026-09-17 11:07:34,2026-09-17 19:07:34,271590,Grand Theft Auto V,47887,2026-09-17 19:07:34
2026-09-17 11:07:34,2026-09-17 19:07:34,252490,Rust,70988,2026-09-17 19:07:34
2026-09-17 11:07:34,2026-09-17 19:07:34,1085660,Destiny 2,8397,2026-09-17 19:07:34
2026-09-17 11:08:54,2026-09-17 19:08:55,730,Counter-Strike 2,759415,2026-09-17 19:08:55
2026-09-17 11:08:54,2026-09-17 19:08:55,570,Dota 2,568923,2026-09-17 19:08:55
2026-09-17 11:08:54,2026-09-17 19:08:55,1172470,Apex Legends,111210,2026-09-17 19:08:55
2026-09-17 11:08:54,2026-09-17 19:08:55,578080,PUBG: BATTLEGROUNDS,366908,2026-09-17 19:08:55
2026-09-17 11:08:54,2026-09-17 19:08:55,440,Team Fortress 2,55102,2026-09-17 19:08:55
2026-09-17 11:08:54,2026-09-17 19:08:55,271590,Grand Theft Auto V,47887,2026-09-17 19:08:55
2026-09-17 11:08:54,2026-09-17 19:08:55,252490,Rust,70988,2026-09-17 19:08:55
2026-09-17 11:08:54,2026-09-17 19:08:55,1085660,Destiny 2,8397,2026-09-17 19:08:55
2026-09-17 11:10:03,2026-09-17 19:10:03,730,Counter-Strike 2,759415,2026-09-17 19:10:03
2026-09-17 11:10:03,2026-09-17 19:10:03,570,Dota 2,568923,2026-09-17 19:10:03
2026-09-17 11:10:03,2026-09-17 19:10:03,1172470,Apex Legends,111210,2026-09-17 19:10:03
2026-09-17 11:10:03,2026-09-17 19:10:03,578080,PUBG: BATTLEGROUNDS,366908,2026-09-17 19:10:03
2026-09-17 11:10:03,2026-09-17 19:10:03,440,Team Fortress 2,55102,2026-09-17 19:10:03
2026-09-17 11:10:03,2026-09-17 19:10:03,271590,Grand Theft Auto V,47887,2026-09-17 19:10:03
2026-09-17 11:10:03,2026-09-17 19:10:03,252490,Rust,70988,2026-09-17 19:10:03
2026-09-17 11:10:03,2026-09-17 19:10:03,1085660,Destiny 2,8397,2026-09-17 19:10:03
2026-09-17 11:11:11,2026-09-17 19:11:11,730,Counter-Strike 2,759415,2026-09-17 19:11:11
2026-09-17 11:11:11,2026-09-17 19:11:11,570,Dota 2,568923,2026-09-17 19:11:11
2026-09-17 11:11:11,2026-09-17 19:11:11,1172470,Apex Legends,111210,2026-09-17 19:11:11
2026-09-17 11:11:11,2026-09-17 19:11:11,578080,PUBG: BATTLEGROUNDS,366908,2026-09-17 19:11:11
2026-09-17 11:11:11,2026-09-17 19:11:11,440,Team Fortress 2,55102,2026-09-17 19:11:11
2026-09-17 11:11:11,2026-09-17 19:11:11,271590,Grand Theft Auto V,47887,2026-09-17 19:11:11
2026-09-17 11:11:11,2026-09-17 19:11:11,252490,Rust,70988,2026-09-17 19:11:11
2026-09-17 11:11:11,2026-09-17 19:11:11,1085660,Destiny 2,8397,2026-09-17 19:11:11
2026-09-17 11:13:36,2026-09-17 19:13:36,730,Counter-Strike 2,801999,2026-09-17 19:13:36
2026-09-17 11:13:36,2026-09-17 19:13:36,570,Dota 2,568923,2026-09-17 19:13:36
2026-09-17 11:13:36,2026-09-17 19:13:36,1172470,Apex Legends,124133,2026-09-17 19:13:36
2026-09-17 11:13:36,2026-09-17 19:13:36,578080,PUBG: BATTLEGROUNDS,395847,2026-09-17 19:13:36
2026-09-17 11:13:36,2026-09-17 19:13:36,440,Team Fortress 2,55102,2026-09-17 19:13:36
2026-09-17 11:13:36,2026-09-17 19:13:36,271590,Grand Theft Auto V,47887,2026-09-17 19:13:36
2026-09-17 11:13:36,2026-09-17 19:13:36,252490,Rust,72764,2026-09-17 19:13:36
2026-09-17 11:13:36,2026-09-17 19:13:36,1085660,Destiny 2,8397,2026-09-17 19:13:36
2026-09-17 11:14:44,2026-09-17 19:14:44,730,Counter-Strike 2,801999,2026-09-17 19:14:44
2026-09-17 11:14:44,2026-09-17 19:14:44,570,Dota 2,568923,2026-09-17 19:14:44
2026-09-17 11:14:44,2026-09-17 19:14:44,1172470,Apex Legends,124133,2026-09-17 19:14:44
2026-09-17 11:14:44,2026-09-17 19:14:44,578080,PUBG: BATTLEGROUNDS,395847,2026-09-17 19:14:44
2026-09-17 11:14:44,2026-09-17 19:14:44,440,Team Fortress 2,55102,2026-09-17 19:14:44
2026-09-17 11:14:44,2026-09-17 19:14:44,271590,Grand Theft Auto V,49364,2026-09-17 19:14:44
2026-09-17 11:14:44,2026-09-17 19:14:44,252490,Rust,72764,2026-09-17 19:14:44
2026-09-17 11:14:44,2026-09-17 19:14:44,1085660,Destiny 2,8397,2026-09-17 19:14:44
2026-09-17 11:15:52,2026-09-17 19:15:52,730,Counter-Strike 2,801999,2026-09-17 19:15:52
2026-09-17 11:15:52,2026-09-17 19:15:52,570,Dota 2,568923,2026-09-17 19:15:52
2026-09-17 11:15:52,2026-09-17 19:15:52,1172470,Apex Legends,124133,2026-09-17 19:15:52
2026-09-17 11:15:52,2026-09-17 19:15:52,578080,PUBG: BATTLEGROUNDS,395847,2026-09-17 19:15:52
2026-09-17 11:15:52,2026-09-17 19:15:52,440,Team Fortress 2,55102,2026-09-17 19:15:52
2026-09-17 11:15:52,2026-09-17 19:15:52,271590,Grand Theft Auto V,49364,2026-09-17 19:15:52
2026-09-17 11:15:52,2026-09-17 19:15:52,252490,Rust,72764,2026-09-17 19:15:52
2026-09-17 11:15:52,2026-09-17 19:15:52,1085660,Destiny 2,8632,2026-09-17 19:15:52
2026-09-17 11:17:09,2026-09-17 19:17:09,730,Counter-Strike 2,801999,2026-09-17 19:17:09
2026-09-17 11:17:09,2026-09-17 19:17:09,570,Dota 2,568923,2026-09-17 19:17:09
2026-09-17 11:17:09,2026-09-17 19:17:09,1172470,Apex Legends,124133,2026-09-17 19:17:09
2026-09-17 11:17:09,2026-09-17 19:17:09,578080,PUBG: BATTLEGROUNDS,395847,2026-09-17 19:17:09
2026-09-17 11:17:09,2026-09-17 19:17:09,440,Team Fortress 2,55336,2026-09-17 19:17:09
2026-09-17 11:17:09,2026-09-17 19:17:09,271590,Grand Theft Auto V,49364,2026-09-17 19:17:09
2026-09-17 11:17:09,2026-09-17 19:17:09,252490,Rust,72764,2026-09-17 19:17:09
2026-09-17 11:17:09,2026-09-17 19:17:09,1085660,Destiny 2,8632,2026-09-17 19:17:09
2026-09-17 11:18:14,2026-09-17 19:18:14,730,Counter-Strike 2,801999,2026-09-17 19:18:14
2026-09-17 11:18:14,2026-09-17 19:18:14,570,Dota 2,568923,2026-09-17 19:18:14
2026-09-17 11:18:14,2026-09-17 19:18:14,1172470,Apex Legends,124133,2026-09-17 19:18:14
2026-09-17 11:18:14,2026-09-17 19:18:14,578080,PUBG: BATTLEGROUNDS,395847,2026-09-17 19:18:14
2026-09-17 11:18:14,2026-09-17 19:18:14,440,Team Fortress 2,55336,2026-09-17 19:18:14
2026-09-17 11:18:14,2026-09-17 19:18:14,271590,Grand Theft Auto V,49364,2026-09-17 19:18:14
2026-09-17 11:18:14,2026-09-17 19:18:14,252490,Rust,72764,2026-09-17 19:18:14
2026-09-17 11:18:14,2026-09-17 19:18:14,1085660,Destiny 2,8632,2026-09-17 19:18:14
2026-09-17 11:19:20,2026-09-17 19:19:20,730,Counter-Strike 2,801999,2026-09-17 19:19:20
2026-09-17 11:19:20,2026-09-17 19:19:20,570,Dota 2,568923,2026-09-17 19:19:20
2026-09-17 11:19:20,2026-09-17 19:19:20,1172470,Apex Legends,124133,2026-09-17 19:19:20
2026-09-17 11:19:20,2026-09-17 19:19:20,578080,PUBG: BATTLEGROUNDS,395847,2026-09-17 19:19:20
2026-09-17 11:19:20,2026-09-17 19:19:20,440,Team Fortress 2,55336,2026-09-17 19:19:20
2026-09-17 11:19:20,2026-09-17 19:19:20,271590,Grand Theft Auto V,49364,2026-09-17 19:19:20
2026-09-17 11:19:20,2026-09-17 19:19:20,252490,Rust,72764,2026-09-17 19:19:20
2026-09-17 11:19:20,2026-09-17 19:19:20,1085660,Destiny 2,8632,2026-09-17 19:19:20
2026-09-17 11:20:26,2026-09-17 19:20:26,730,Counter-Strike 2,801999,2026-09-17 19:20:26
2026-09-17 11:20:26,2026-09-17 19:20:26,570,Dota 2,568923,2026-09-17 19:20:26
2026-09-17 11:20:26,2026-09-17 19:20:26,1172470,Apex Legends,124133,2026-09-17 19:20:26
2026-09-17 11:20:26,2026-09-17 19:20:26,578080,PUBG: BATTLEGROUNDS,395847,2026-09-17 19:20:26
2026-09-17 11:20:26,2026-09-17 19:20:26,440,Team Fortress 2,55336,2026-09-17 19:20:26
2026-09-17 11:20:26,2026-09-17 19:20:26,271590,Grand Theft Auto V,49364,2026-09-17 19:20:26
2026-09-17 11:20:26,2026-09-17 19:20:26,252490,Rust,72764,2026-09-17 19:20:26
2026-09-17 11:20:26,2026-09-17 19:20:26,1085660,Destiny 2,8632,2026-09-17 19:20:26
2026-09-17 11:21:31,2026-09-17 19:21:31,730,Counter-Strike 2,801999,2026-09-17 19:21:31
2026-09-17 11:21:31,2026-09-17 19:21:31,570,Dota 2,581379,2026-09-17 19:21:31
2026-09-17 11:21:31,2026-09-17 19:21:31,1172470,Apex Legends,124133,2026-09-17 19:21:31
2026-09-17 11:21:31,2026-09-17 19:21:31,578080,PUBG: BATTLEGROUNDS,395847,2026-09-17 19:21:31
2026-09-17 11:21:31,2026-09-17 19:21:31,440,Team Fortress 2,55336,2026-09-17 19:21:31
2026-09-17 11:21:31,2026-09-17 19:21:31,271590,Grand Theft Auto V,49364,2026-09-17 19:21:31
2026-09-17 11:21:31,2026-09-17 19:21:31,252490,Rust,72764,2026-09-17 19:21:31
2026-09-17 11:21:31,2026-09-17 19:21:31,1085660,Destiny 2,8632,2026-09-17 19:21:31
2026-09-17 11:22:42,2026-09-17 19:22:42,730,Counter-Strike 2,801999,2026-09-17 19:22:42
2026-09-17 11:22:42,2026-09-17 19:22:42,570,Dota 2,581379,2026-09-17 19:22:42
2026-09-17 11:22:42,2026-09-17 19:22:42,1172470,Apex Legends,124133,2026-09-17 19:22:42
2026-09-17 11:22:42,2026-09-17 19:22:42,578080,PUBG: BATTLEGROUNDS,395847,2026-09-17 19:22:42
2026-09-17 11:22:42,2026-09-17 19:22:42,440,Team Fortress 2,55336,2026-09-17 19:22:42
2026-09-17 11:22:42,2026-09-17 19:22:42,271590,Grand Theft Auto V,49364,2026-09-17 19:22:42
2026-09-17 11:22:42,2026-09-17 19:22:42,252490,Rust,72764,2026-09-17 19:22:42
2026-09-17 11:22:42,2026-09-17 19:22:42,1085660,Destiny 2,8632,2026-09-17 19:22:42
2026-09-17 11:23:47,2026-09-17 19:23:47,730,Counter-Strike 2,801999,2026-09-17 19:23:47
2026-09-17 11:23:47,2026-09-17 19:23:47,570,Dota 2,581379,2026-09-17 19:23:47
2026-09-17 11:23:47,2026-09-17 19:23:47,1172470,Apex Legends,124133,2026-09-17 19:23:47
2026-09-17 11:23:47,2026-09-17 19:23:47,578080,PUBG: BATTLEGROUNDS,395847,2026-09-17 19:23:47
2026-09-17 11:23:47,2026-09-17 19:23:47,440,Team Fortress 2,55336,2026-09-17 19:23:47
2026-09-17 11:23:47,2026-09-17 19:23:47,271590,Grand Theft Auto V,49364,2026-09-17 19:23:47
2026-09-17 11:23:47,2026-09-17 19:23:47,252490,Rust,72764,2026-09-17 19:23:47
2026-09-17 11:23:47,2026-09-17 19:23:47,1085660,Destiny 2,8632,2026-09-17 19:23:47
2026-09-17 11:24:55,2026-09-17 19:24:55,730,Counter-Strike 2,801999,2026-09-17 19:24:55
2026-09-17 11:24:55,2026-09-17 19:24:55,570,Dota 2,581379,2026-09-17 19:24:55
2026-09-17 11:24:55,2026-09-17 19:24:55,1172470,Apex Legends,124133,2026-09-17 19:24:55
2026-09-17 11:24:55,2026-09-17 19:24:55,578080,PUBG: BATTLEGROUNDS,395847,2026-09-17 19:24:55
2026-09-17 11:24:55,2026-09-17 19:24:55,440,Team Fortress 2,55336,2026-09-17 19:24:55
2026-09-17 11:24:55,2026-09-17 19:24:55,271590,Grand Theft Auto V,49364,2026-09-17 19:24:55
2026-09-17 11:24:55,2026-09-17 19:24:55,252490,Rust,72764,2026-09-17 19:24:55
2026-09-17 11:24:55,2026-09-17 19:24:55,1085660,Destiny 2,8632,2026-09-17 19:24:55
2026-09-17 11:26:11,2026-09-17 19:26:11,730,Counter-Strike 2,801999,2026-09-17 19:26:11
2026-09-17 11:26:11,2026-09-17 19:26:11,570,Dota 2,581379,2026-09-17 19:26:11
2026-09-17 11:26:11,2026-09-17 19:26:11,1172470,Apex Legends,124133,2026-09-17 19:26:11
2026-09-17 11:26:11,2026-09-17 19:26:11,578080,PUBG: BATTLEGROUNDS,395847,2026-09-17 19:26:11
2026-09-17 11:26:11,2026-09-17 19:26:11,440,Team Fortress 2,55336,2026-09-17 19:26:11
2026-09-17 11:26:11,2026-09-17 19:26:11,271590,Grand Theft Auto V,49364,2026-09-17 19:26:11
2026-09-17 11:26:11,2026-09-17 19:26:11,252490,Rust,72764,2026-09-17 19:26:11
2026-09-17 11:26:11,2026-09-17 19:26:11,1085660,Destiny 2,8632,2026-09-17 19:26:11
2026-09-17 11:27:18,2026-09-17 19:27:18,730,Counter-Strike 2,801999,2026-09-17 19:27:18
2026-09-17 11:27:18,2026-09-17 19:27:18,570,Dota 2,581379,2026-09-17 19:27:18
2026-09-17 11:27:18,2026-09-17 19:27:18,1172470,Apex Legends,124133,2026-09-17 19:27:18
2026-09-17 11:27:18,2026-09-17 19:27:18,578080,PUBG: BATTLEGROUNDS,395847,2026-09-17 19:27:18
2026-09-17 11:27:18,2026-09-17 19:27:18,440,Team Fortress 2,55336,2026-09-17 19:27:18
2026-09-17 11:27:18,2026-09-17 19:27:18,271590,Grand Theft Auto V,49364,2026-09-17 19:27:18
2026-09-17 11:27:18,2026-09-17 19:27:18,252490,Rust,72764,2026-09-17 19:27:18
2026-09-17 11:27:18,2026-09-17 19:27:18,1085660,Destiny 2,8632,2026-09-17 19:27:18
2026-09-17 11:28:23,2026-09-17 19:28:23,730,Counter-Strike 2,841925,2026-09-17 19:28:23
2026-09-17 11:28:23,2026-09-17 19:28:23,570,Dota 2,581379,2026-09-17 19:28:23
2026-09-17 11:28:23,2026-09-17 19:28:23,1172470,Apex Legends,135476,2026-09-17 19:28:23
2026-09-17 11:28:23,2026-09-17 19:28:23,578080,PUBG: BATTLEGROUNDS,429625,2026-09-17 19:28:23
2026-09-17 11:28:23,2026-09-17 19:28:23,440,Team Fortress 2,55336,2026-09-17 19:28:23
2026-09-17 11:28:23,2026-09-17 19:28:23,271590,Grand Theft Auto V,49364,2026-09-17 19:28:23
2026-09-17 11:28:23,2026-09-17 19:28:23,252490,Rust,72764,2026-09-17 19:28:23
2026-09-17 11:28:23,2026-09-17 19:28:23,1085660,Destiny 2,8632,2026-09-17 19:28:23
2026-09-17 11:29:29,2026-09-17 19:29:29,730,Counter-Strike 2,841925,2026-09-17 19:29:29
2026-09-17 11:29:29,2026-09-17 19:29:29,570,Dota 2,581379,2026-09-17 19:29:29
2026-09-17 11:29:29,2026-09-17 19:29:29,1172470,Apex Legends,135476,2026-09-17 19:29:29
2026-09-17 11:29:29,2026-09-17 19:29:29,578080,PUBG: BATTLEGROUNDS,429625,2026-09-17 19:29:29
2026-09-17 11:29:29,2026-09-17 19:29:29,440,Team Fortress 2,55336,2026-09-17 19:29:29
2026-09-17 11:29:29,2026-09-17 19:29:29,271590,Grand Theft Auto V,50629,2026-09-17 19:29:29
2026-09-17 11:29:29,2026-09-17 19:29:29,252490,Rust,74652,2026-09-17 19:29:29
2026-09-17 11:29:29,2026-09-17 19:29:29,1085660,Destiny 2,8987,2026-09-17 19:29:29
2026-09-17 11:30:37,2026-09-17 19:30:37,730,Counter-Strike 2,841925,2026-09-17 19:30:37
2026-09-17 11:30:37,2026-09-17 19:30:37,570,Dota 2,581379,2026-09-17 19:30:37
2026-09-17 11:30:37,2026-09-17 19:30:37,1172470,Apex Legends,135476,2026-09-17 19:30:37
2026-09-17 11:30:37,2026-09-17 19:30:37,578080,PUBG: BATTLEGROUNDS,429625,2026-09-17 19:30:37
2026-09-17 11:30:37,2026-09-17 19:30:37,440,Team Fortress 2,55336,2026-09-17 19:30:37
2026-09-17 11:30:37,2026-09-17 19:30:37,271590,Grand Theft Auto V,50629,2026-09-17 19:30:37
2026-09-17 11:30:37,2026-09-17 19:30:37,252490,Rust,74652,2026-09-17 19:30:37
2026-09-17 11:30:37,2026-09-17 19:30:37,1085660,Destiny 2,8987,2026-09-17 19:30:37
2026-09-17 11:31:45,2026-09-17 19:31:45,730,Counter-Strike 2,841925,2026-09-17 19:31:45
2026-09-17 11:31:45,2026-09-17 19:31:45,570,Dota 2,581379,2026-09-17 19:31:45
2026-09-17 11:31:45,2026-09-17 19:31:45,1172470,Apex Legends,135476,2026-09-17 19:31:45
2026-09-17 11:31:45,2026-09-17 19:31:45,578080,PUBG: BATTLEGROUNDS,429625,2026-09-17 19:31:45
2026-09-17 11:31:45,2026-09-17 19:31:45,440,Team Fortress 2,57753,2026-09-17 19:31:45
2026-09-17 11:31:45,2026-09-17 19:31:45,271590,Grand Theft Auto V,50629,2026-09-17 19:31:45
2026-09-17 11:31:45,2026-09-17 19:31:45,252490,Rust,74652,2026-09-17 19:31:45
2026-09-17 11:31:45,2026-09-17 19:31:45,1085660,Destiny 2,8987,2026-09-17 19:31:45
2026-09-17 11:32:52,2026-09-17 19:32:52,730,Counter-Strike 2,841925,2026-09-17 19:32:52
2026-09-17 11:32:52,2026-09-17 19:32:52,570,Dota 2,581379,2026-09-17 19:32:52
2026-09-17 11:32:52,2026-09-17 19:32:52,1172470,Apex Legends,135476,2026-09-17 19:32:52
2026-09-17 11:32:52,2026-09-17 19:32:52,578080,PUBG: BATTLEGROUNDS,429625,2026-09-17 19:32:52
2026-09-17 11:32:52,2026-09-17 19:32:52,440,Team Fortress 2,57753,2026-09-17 19:32:52
2026-09-17 11:32:52,2026-09-17 19:32:52,271590,Grand Theft Auto V,50629,2026-09-17 19:32:52
2026-09-17 11:32:52,2026-09-17 19:32:52,252490,Rust,74652,2026-09-17 19:32:52
2026-09-17 11:32:52,2026-09-17 19:32:52,1085660,Destiny 2,8987,2026-09-17 19:32:52
2026-09-17 11:34:00,2026-09-17 19:34:00,730,Counter-Strike 2,841925,2026-09-17 19:34:00
2026-09-17 11:34:00,2026-09-17 19:34:00,570,Dota 2,581379,2026-09-17 19:34:00
2026-09-17 11:34:00,2026-09-17 19:34:00,1172470,Apex Legends,135476,2026-09-17 19:34:00
2026-09-17 11:34:00,2026-09-17 19:34:00,578080,PUBG: BATTLEGROUNDS,429625,2026-09-17 19:34:00
2026-09-17 11:34:00,2026-09-17 19:34:00,440,Team Fortress 2,57753,2026-09-17 19:34:00
2026-09-17 11:34:00,2026-09-17 19:34:00,271590,Grand Theft Auto V,50629,2026-09-17 19:34:00
2026-09-17 11:34:00,2026-09-17 19:34:00,252490,Rust,74652,2026-09-17 19:34:00
2026-09-17 11:34:00,2026-09-17 19:34:00,1085660,Destiny 2,8987,2026-09-17 19:34:00
2026-09-17 11:35:11,2026-09-17 19:35:11,730,Counter-Strike 2,841925,2026-09-17 19:35:11
2026-09-17 11:35:11,2026-09-17 19:35:11,570,Dota 2,599044,2026-09-17 19:35:11
2026-09-17 11:35:11,2026-09-17 19:35:11,1172470,Apex Legends,135476,2026-09-17 19:35:11
2026-09-17 11:35:11,2026-09-17 19:35:11,578080,PUBG: BATTLEGROUNDS,429625,2026-09-17 19:35:11
2026-09-17 11:35:11,2026-09-17 19:35:11,440,Team Fortress 2,57753,2026-09-17 19:35:11
2026-09-17 11:35:11,2026-09-17 19:35:11,271590,Grand Theft Auto V,50629,2026-09-17 19:35:11
2026-09-17 11:35:11,2026-09-17 19:35:11,252490,Rust,74652,2026-09-17 19:35:11
2026-09-17 11:35:11,2026-09-17 19:35:11,1085660,Destiny 2,8987,2026-09-17 19:35:11
2026-09-17 11:36:17,2026-09-17 19:36:17,730,Counter-Strike 2,841925,2026-09-17 19:36:17
2026-09-17 11:36:17,2026-09-17 19:36:17,570,Dota 2,599044,2026-09-17 19:36:17
2026-09-17 11:36:17,2026-09-17 19:36:17,1172470,Apex Legends,135476,2026-09-17 19:36:17
2026-09-17 11:36:17,2026-09-17 19:36:17,578080,PUBG: BATTLEGROUNDS,429625,2026-09-17 19:36:17
2026-09-17 11:36:17,2026-09-17 19:36:17,440,Team Fortress 2,57753,2026-09-17 19:36:17
2026-09-17 11:36:17,2026-09-17 19:36:17,271590,Grand Theft Auto V,50629,2026-09-17 19:36:17
2026-09-17 11:36:17,2026-09-17 19:36:17,252490,Rust,74652,2026-09-17 19:36:17
2026-09-17 11:36:17,2026-09-17 19:36:17,1085660,Destiny 2,8987,2026-09-17 19:36:17
2026-09-17 11:37:24,2026-09-17 19:37:24,730,Counter-Strike 2,841925,2026-09-17 19:37:24
2026-09-17 11:37:24,2026-09-17 19:37:24,570,Dota 2,599044,2026-09-17 19:37:24
2026-09-17 11:37:24,2026-09-17 19:37:24,1172470,Apex Legends,135476,2026-09-17 19:37:24
2026-09-17 11:37:24,2026-09-17 19:37:24,578080,PUBG: BATTLEGROUNDS,429625,2026-09-17 19:37:24
2026-09-17 11:37:24,2026-09-17 19:37:24,440,Team Fortress 2,57753,2026-09-17 19:37:24
2026-09-17 11:37:24,2026-09-17 19:37:24,271590,Grand Theft Auto V,50629,2026-09-17 19:37:24
2026-09-17 11:37:24,2026-09-17 19:37:24,252490,Rust,74652,2026-09-17 19:37:24
2026-09-17 11:37:24,2026-09-17 19:37:24,1085660,Destiny 2,8987,2026-09-17 19:37:24
2026-09-17 11:38:43,2026-09-17 19:38:43,730,Counter-Strike 2,841925,2026-09-17 19:38:43
2026-09-17 11:38:43,2026-09-17 19:38:43,570,Dota 2,599044,2026-09-17 19:38:43
2026-09-17 11:38:43,2026-09-17 19:38:43,1172470,Apex Legends,135476,2026-09-17 19:38:43
2026-09-17 11:38:43,2026-09-17 19:38:43,578080,PUBG: BATTLEGROUNDS,429625,2026-09-17 19:38:43
2026-09-17 11:38:43,2026-09-17 19:38:43,440,Team Fortress 2,57753,2026-09-17 19:38:43
2026-09-17 11:38:43,2026-09-17 19:38:43,271590,Grand Theft Auto V,50629,2026-09-17 19:38:43
2026-09-17 11:38:43,2026-09-17 19:38:43,252490,Rust,74652,2026-09-17 19:38:43
2026-09-17 11:38:43,2026-09-17 19:38:43,1085660,Destiny 2,8987,2026-09-17 19:38:43
2026-09-17 11:39:49,2026-09-17 19:39:49,730,Counter-Strike 2,841925,2026-09-17 19:39:49
2026-09-17 11:39:49,2026-09-17 19:39:49,570,Dota 2,599044,2026-09-17 19:39:49
2026-09-17 11:39:49,2026-09-17 19:39:49,1172470,Apex Legends,135476,2026-09-17 19:39:49
2026-09-17 11:39:49,2026-09-17 19:39:49,578080,PUBG: BATTLEGROUNDS,429625,2026-09-17 19:39:49
2026-09-17 11:39:49,2026-09-17 19:39:49,440,Team Fortress 2,57753,2026-09-17 19:39:49
2026-09-17 11:39:49,2026-09-17 19:39:49,271590,Grand Theft Auto V,50629,2026-09-17 19:39:49
2026-09-17 11:39:49,2026-09-17 19:39:49,252490,Rust,74652,2026-09-17 19:39:49
2026-09-17 11:39:49,2026-09-17 19:39:49,1085660,Destiny 2,8987,2026-09-17 19:39:49
2026-09-17 11:40:56,2026-09-17 19:40:56,730,Counter-Strike 2,841925,2026-09-17 19:40:56
2026-09-17 11:40:56,2026-09-17 19:40:56,570,Dota 2,599044,2026-09-17 19:40:56
2026-09-17 11:40:56,2026-09-17 19:40:56,1172470,Apex Legends,135476,2026-09-17 19:40:56
2026-09-17 11:40:56,2026-09-17 19:40:56,578080,PUBG: BATTLEGROUNDS,429625,2026-09-17 19:40:56
2026-09-17 11:40:56,2026-09-17 19:40:56,440,Team Fortress 2,57753,2026-09-17 19:40:56
2026-09-17 11:40:56,2026-09-17 19:40:56,271590,Grand Theft Auto V,50629,2026-09-17 19:40:56
2026-09-17 11:40:56,2026-09-17 19:40:56,252490,Rust,74652,2026-09-17 19:40:56
2026-09-17 11:40:56,2026-09-17 19:40:56,1085660,Destiny 2,8987,2026-09-17 19:40:56
2026-09-17 11:42:15,2026-09-17 19:42:15,730,Counter-Strike 2,873820,2026-09-17 19:42:15
2026-09-17 11:42:15,2026-09-17 19:42:15,570,Dota 2,599044,2026-09-17 19:42:15
2026-09-17 11:42:15,2026-09-17 19:42:15,1172470,Apex Legends,148809,2026-09-17 19:42:15
2026-09-17 11:42:15,2026-09-17 19:42:15,578080,PUBG: BATTLEGROUNDS,469114,2026-09-17 19:42:15
2026-09-17 11:42:15,2026-09-17 19:42:15,440,Team Fortress 2,57753,2026-09-17 19:42:15
2026-09-17 11:42:15,2026-09-17 19:42:15,271590,Grand Theft Auto V,52039,2026-09-17 19:42:15
2026-09-17 11:42:15,2026-09-17 19:42:15,252490,Rust,74652,2026-09-17 19:42:15
2026-09-17 11:42:15,2026-09-17 19:42:15,1085660,Destiny 2,8987,2026-09-17 19:42:15
2026-09-17 11:43:22,2026-09-17 19:43:22,730,Counter-Strike 2,873820,2026-09-17 19:43:22
2026-09-17 11:43:22,2026-09-17 19:43:22,570,Dota 2,599044,2026-09-17 19:43:22
2026-09-17 11:43:22,2026-09-17 19:43:22,1172470,Apex Legends,148809,2026-09-17 19:43:22
2026-09-17 11:43:22,2026-09-17 19:43:22,578080,PUBG: BATTLEGROUNDS,469114,2026-09-17 19:43:22
2026-09-17 11:43:22,2026-09-17 19:43:22,440,Team Fortress 2,57753,2026-09-17 19:43:22
2026-09-17 11:43:22,2026-09-17 19:43:22,271590,Grand Theft Auto V,52039,2026-09-17 19:43:22
2026-09-17 11:43:22,2026-09-17 19:43:22,252490,Rust,76894,2026-09-17 19:43:22
2026-09-17 11:43:22,2026-09-17 19:43:22,1085660,Destiny 2,9324,2026-09-17 19:43:22
2026-09-17 11:44:28,2026-09-17 19:44:28,730,Counter-Strike 2,873820,2026-09-17 19:44:28
2026-09-17 11:44:28,2026-09-17 19:44:28,570,Dota 2,599044,2026-09-17 19:44:28
2026-09-17 11:44:28,2026-09-17 19:44:28,1172470,Apex Legends,148809,2026-09-17 19:44:28
2026-09-17 11:44:28,2026-09-17 19:44:28,578080,PUBG: BATTLEGROUNDS,469114,2026-09-17 19:44:28
2026-09-17 11:44:28,2026-09-17 19:44:28,440,Team Fortress 2,57376,2026-09-17 19:44:28
2026-09-17 11:44:28,2026-09-17 19:44:28,271590,Grand Theft Auto V,52039,2026-09-17 19:44:28
2026-09-17 11:44:28,2026-09-17 19:44:28,252490,Rust,76894,2026-09-17 19:44:28
2026-09-17 11:44:28,2026-09-17 19:44:28,1085660,Destiny 2,9324,2026-09-17 19:44:28
2026-09-17 11:45:35,2026-09-17 19:45:35,730,Counter-Strike 2,873820,2026-09-17 19:45:35
2026-09-17 11:45:35,2026-09-17 19:45:35,570,Dota 2,599044,2026-09-17 19:45:35
2026-09-17 11:45:35,2026-09-17 19:45:35,1172470,Apex Legends,148809,2026-09-17 19:45:35
2026-09-17 11:45:35,2026-09-17 19:45:35,578080,PUBG: BATTLEGROUNDS,469114,2026-09-17 19:45:35
2026-09-17 11:45:35,2026-09-17 19:45:35,440,Team Fortress 2,57376,2026-09-17 19:45:35
2026-09-17 11:45:35,2026-09-17 19:45:35,271590,Grand Theft Auto V,52039,2026-09-17 19:45:35
2026-09-17 11:45:35,2026-09-17 19:45:35,252490,Rust,76894,2026-09-17 19:45:35
2026-09-17 11:45:35,2026-09-17 19:45:35,1085660,Destiny 2,9324,2026-09-17 19:45:35
2026-09-17 11:46:43,2026-09-17 19:46:43,730,Counter-Strike 2,873820,2026-09-17 19:46:43
2026-09-17 11:46:43,2026-09-17 19:46:43,570,Dota 2,599044,2026-09-17 19:46:43
2026-09-17 11:46:43,2026-09-17 19:46:43,1172470,Apex Legends,148809,2026-09-17 19:46:43
2026-09-17 11:46:43,2026-09-17 19:46:43,578080,PUBG: BATTLEGROUNDS,469114,2026-09-17 19:46:43
2026-09-17 11:46:43,2026-09-17 19:46:43,440,Team Fortress 2,57376,2026-09-17 19:46:43
2026-09-17 11:46:43,2026-09-17 19:46:43,271590,Grand Theft Auto V,52039,2026-09-17 19:46:43
2026-09-17 11:46:43,2026-09-17 19:46:43,252490,Rust,76894,2026-09-17 19:46:43
2026-09-17 11:46:43,2026-09-17 19:46:43,1085660,Destiny 2,9324,2026-09-17 19:46:43
2026-09-17 11:48:00,2026-09-17 19:48:00,730,Counter-Strike 2,873820,2026-09-17 19:48:00
2026-09-17 11:48:00,2026-09-17 19:48:00,570,Dota 2,599044,2026-09-17 19:48:00
2026-09-17 11:48:00,2026-09-17 19:48:00,1172470,Apex Legends,148809,2026-09-17 19:48:00
2026-09-17 11:48:00,2026-09-17 19:48:00,578080,PUBG: BATTLEGROUNDS,469114,2026-09-17 19:48:00
2026-09-17 11:48:00,2026-09-17 19:48:00,440,Team Fortress 2,57376,2026-09-17 19:48:00
2026-09-17 11:48:00,2026-09-17 19:48:00,271590,Grand Theft Auto V,52039,2026-09-17 19:48:00
2026-09-17 11:48:00,2026-09-17 19:48:00,252490,Rust,76894,2026-09-17 19:48:00
2026-09-17 11:48:00,2026-09-17 19:48:00,1085660,Destiny 2,9324,2026-09-17 19:48:00
2026-09-17 11:49:11,2026-09-17 19:49:11,730,Counter-Strike 2,873820,2026-09-17 19:49:11
2026-09-17 11:49:11,2026-09-17 19:49:11,570,Dota 2,618053,2026-09-17 19:49:11
2026-09-17 11:49:11,2026-09-17 19:49:11,1172470,Apex Legends,148809,2026-09-17 19:49:11
2026-09-17 11:49:11,2026-09-17 19:49:11,578080,PUBG: BATTLEGROUNDS,469114,2026-09-17 19:49:11
2026-09-17 11:49:11,2026-09-17 19:49:11,440,Team Fortress 2,57376,2026-09-17 19:49:11
2026-09-17 11:49:11,2026-09-17 19:49:11,271590,Grand Theft Auto V,52039,2026-09-17 19:49:11
